Employee_ID,Name
EMP10000,Perm_0
EMP10001,Perm_1
EMP10002,Perm_2
EMP10003,Perm_3
EMP10004,Perm_4
EMP10005,Perm_5
EMP10006,Perm_6
EMP10007,Perm_7
EMP10008,Perm_8
EMP10009,Perm_9
EMP10010,Perm_10
EMP10011,Perm_11
EMP10012,Perm_12
EMP10013,Perm_13
EMP10014,Perm_14
EMP10015,Perm_15
EMP10016,Perm_16
EMP10017,Perm_17
EMP10018,Perm_18
EMP10019,Perm_19
EMP10020,Perm_20
EMP10021,Perm_21
EMP10022,Perm_22
EMP10023,Perm_23
EMP10024,Perm_24
EMP10025,Perm_25
EMP10026,Perm_26
EMP10027,Perm_27
EMP10028,Perm_28
EMP10029,Perm_29
EMP10030,Perm_30
EMP10031,Perm_31
EMP10032,Perm_32
EMP10033,Perm_33
EMP10034,Perm_34
EMP10035,Perm_35
EMP10036,Perm_36
EMP10037,Perm_37
EMP10038,Perm_38
EMP10039,Perm_39
EMP10040,Perm_40
EMP10041,Perm_41
EMP10042,Perm_42
EMP10043,Perm_43
EMP10044,Perm_44
EMP10045,Perm_45
EMP10046,Perm_46
EMP10047,Perm_47
EMP10048,Perm_48
EMP10049,Perm_49
